Country,Year,GDP
Albania,2019,60.55
Albania,2020,76.96
Albania,2021,95.0
Albania,2022,76.78
Albania,2023,85.01
Albania,2024,106.82
Austria,2013,392.26
Austria,2014,519.36
Austria,2015,479.47
Austria,2016,533.24
Austria,2017,426.49
Austria,2018,605.14
Austria,2019,557.32
Austria,2020,328.75
Austria,2021,312.57
Austria,2022,280.51
Austria,2023,329.21
Austria,2024,382.79
Belgium,2013,712.44
Belgium,2014,667.57
Belgium,2015,789.97
Belgium,2016,698.1
Belgium,2017,758.18
Belgium,2018,788.11
Belgium,2019,818.69
Belgium,2020,730.5
Belgium,2021,516.13
Belgium,2022,562.64
Belgium,2023,750.57
Belgium,2024,562.79
Bosnia and Herzegovina,2013,9.43
Bosnia and Herzegovina,2014,7.75
Bosnia and Herzegovina,2015,7.04
Bosnia and Herzegovina,2016,13.12
Bosnia and Herzegovina,2017,14.46
Bosnia and Herzegovina,2018,14.22
Bosnia and Herzegovina,2019,11.95
Bosnia and Herzegovina,2020,8.15
Bosnia and Herzegovina,2021,11.77
Bosnia and Herzegovina,2022,11.61
Bosnia and Herzegovina,2023,11.44
Bosnia and Herzegovina,2024,13.64
Bulgaria,2013,0.14
Bulgaria,2014,0.0
Bulgaria,2015,0.23
Bulgaria,2016,0.45
Bulgaria,2017,0.48
Bulgaria,2018,0.33
Bulgaria,2019,1.83
Bulgaria,2020,0.18
Bulgaria,2021,0.49
Bulgaria,2022,47.36
Bulgaria,2023,65.81
Bulgaria,2024,74.02
Croatia,2013,0.42
Croatia,2014,1.69
Croatia,2015,1.33
Croatia,2016,2.03
Croatia,2017,1.88
Croatia,2018,3.34
Croatia,2019,4.77
Croatia,2020,0.43
Croatia,2021,59.56
Croatia,2022,52.16
Croatia,2023,59.77
Croatia,2024,72.62
Cyprus,2013,9.01
Cyprus,2014,13.85
Cyprus,2015,12.49
Cyprus,2016,22.25
Cyprus,2017,21.73
Cyprus,2018,17.24
Cyprus,2019,15.1
Cyprus,2020,17.22
Cyprus,2021,17.16
Cyprus,2022,18.87
Cyprus,2023,24.23
Cyprus,2024,18.66
Czechia,2013,0.02
Czechia,2014,0.04
Czechia,2015,0.27
Czechia,2016,0.16
Czechia,2017,0.26
Czechia,2018,0.45
Czechia,2019,0.54
Czechia,2020,2.27
Czechia,2021,334.94
Czechia,2022,279.87
Czechia,2023,366.69
Czechia,2024,321.2
Denmark,2013,228.72
Denmark,2014,305.39
Denmark,2015,335.83
Denmark,2016,340.4
Denmark,2017,366.62
Denmark,2018,325.49
Denmark,2019,340.03
Denmark,2020,288.56
Denmark,2021,225.78
Denmark,2022,187.99
Denmark,2023,210.41
Denmark,2024,273.2
Estonia,2013,27.22
Estonia,2014,31.66
Estonia,2015,36.59
Estonia,2016,30.93
Estonia,2017,36.89
Estonia,2018,43.29
Estonia,2019,36.72
Estonia,2020,23.94
Estonia,2021,30.93
Estonia,2022,26.54
Estonia,2023,40.23
Estonia,2024,43.19
Finland,2013,81.81
Finland,2014,182.24
Finland,2015,182.26
Finland,2016,155.45
Finland,2017,204.92
Finland,2018,182.81
Finland,2019,191.54
Finland,2020,166.82
Finland,2021,136.38
Finland,2022,102.99
Finland,2023,116.47
Finland,2024,107.4
France,2013,2957.82
France,2014,3017.87
France,2015,2261.52
France,2016,2976.57
France,2017,3116.05
France,2018,2951.8
France,2019,2859.92
France,2020,2365.02
France,2021,3004.03
France,2022,2188.64
France,2023,2770.71
France,2024,2875.72
Georgia,2017,3.86
Georgia,2018,6.09
Georgia,2019,4.24
Georgia,2020,3.22
Georgia,2021,5.3
Georgia,2022,7.45
Georgia,2023,8.77
Georgia,2024,10.31
Germany,2013,2337.64
Germany,2014,2307.9
Germany,2015,1999.09
Germany,2016,2325.97
Germany,2017,5976.28
Germany,2018,4596.81
Germany,2019,4622.23
Germany,2020,4339.2
Germany,2021,4676.94
Germany,2022,3551.26
Germany,2023,4540.98
Germany,2024,4648.04
Greece,2013,0.0
Greece,2014,0.03
Greece,2015,0.02
Greece,2016,0.02
Greece,2017,0.03
Greece,2018,0.06
Greece,2019,0.12
Greece,2020,0.57
Greece,2021,139.02
Greece,2022,137.44
Greece,2023,163.94
Greece,2024,212.23
Hungary,2013,90.39
Hungary,2014,81.94
Hungary,2015,116.18
Hungary,2016,128.67
Hungary,2017,183.79
Hungary,2018,177.64
Hungary,2019,254.27
Hungary,2020,182.79
Hungary,2021,214.18
Hungary,2022,142.55
Hungary,2023,150.85
Hungary,2024,153.55
Iceland,2017,44.73
Iceland,2018,36.23
Iceland,2019,18.39
Iceland,2020,14.39
Iceland,2021,26.57
Iceland,2022,25.46
Iceland,2023,26.53
Iceland,2024,13.71
Ireland,2013,47.27
Ireland,2014,73.81
Ireland,2015,114.51
Ireland,2016,120.42
Ireland,2017,186.66
Ireland,2018,180.41
Ireland,2019,205.36
Ireland,2020,159.91
Ireland,2021,187.33
Ireland,2022,178.73
Ireland,2023,198.13
Ireland,2024,153.21
Italy,2013,1693.44
Italy,2014,2383.12
Italy,2015,2481.78
Italy,2016,2219.24
Italy,2017,2504.43
Italy,2018,3094.18
Italy,2019,2278.23
Italy,2020,1720.97
Italy,2021,2312.68
Italy,2022,2147.99
Italy,2023,2505.01
Italy,2024,2071.86
Kosovo*,2017,31.59
Kosovo*,2018,13.15
Kosovo*,2019,31.38
Kosovo*,2021,44.35
Latvia,2013,0.0
Latvia,2014,22.42
Latvia,2015,22.69
Latvia,2016,25.73
Latvia,2017,21.34
Latvia,2018,24.31
Latvia,2019,25.09
Latvia,2020,18.4
Latvia,2021,25.97
Latvia,2022,23.9
Latvia,2023,31.88
Latvia,2024,26.93
Liechtenstein,2013,3.21
Liechtenstein,2014,2.69
Liechtenstein,2015,3.15
Liechtenstein,2016,2.95
Liechtenstein,2017,2.65
Liechtenstein,2018,3.01
Liechtenstein,2019,2.66
Liechtenstein,2020,1.83
Liechtenstein,2021,2.57
Liechtenstein,2022,1.98
Liechtenstein,2023,2.79
Liechtenstein,2024,2.77
Lithuania,2013,21.34
Lithuania,2014,16.57
Lithuania,2015,16.56
Lithuania,2016,28.69
Lithuania,2017,27.68
Lithuania,2018,38.42
Lithuania,2019,45.34
Lithuania,2020,69.67
Lithuania,2021,38.67
Lithuania,2022,34.38
Lithuania,2023,45.0
Lithuania,2024,38.56
Luxembourg,2013,60.42
Luxembourg,2014,76.03
Luxembourg,2015,81.5
Luxembourg,2016,81.42
Luxembourg,2017,81.02
Luxembourg,2018,66.16
Luxembourg,2019,85.93
Luxembourg,2020,80.72
Luxembourg,2021,56.73
Luxembourg,2022,63.33
Luxembourg,2023,84.49
Luxembourg,2024,76.35
Malta,2013,0.04
Malta,2014,0.15
Malta,2015,10.1
Malta,2016,10.01
Malta,2017,13.05
Malta,2018,13.72
Malta,2019,13.19
Malta,2020,8.01
Malta,2021,7.88
Malta,2022,9.61
Malta,2023,12.48
Malta,2024,12.16
Moldova,2013,25.68
Moldova,2014,22.71
Moldova,2015,16.5
Moldova,2016,13.78
Moldova,2017,33.24
Moldova,2018,19.57
Moldova,2019,30.06
Moldova,2020,21.84
Moldova,2021,36.83
Moldova,2022,28.79
Moldova,2023,37.57
Moldova,2024,52.08
Montenegro,2016,2.79
Montenegro,2017,2.61
Montenegro,2018,5.44
Montenegro,2019,4.51
Montenegro,2020,1.39
Montenegro,2021,4.51
Montenegro,2022,5.23
Netherlands,2013,307.96
Netherlands,2014,330.18
Netherlands,2015,317.29
Netherlands,2016,256.13
Netherlands,2017,336.83
Netherlands,2018,376.15
Netherlands,2019,701.49
Netherlands,2020,578.85
Netherlands,2021,573.01
Netherlands,2022,469.12
Netherlands,2023,512.92
Netherlands,2024,637.1
Norway,2013,107.95
Norway,2014,124.01
Norway,2015,119.53
Norway,2016,194.42
Norway,2017,296.8
Norway,2018,269.11
Norway,2019,239.47
Norway,2020,222.41
Norway,2021,237.1
Norway,2022,233.0
Norway,2023,173.19
Norway,2024,198.99
Poland,2013,470.15
Poland,2014,520.8
Poland,2015,483.39
Poland,2016,734.7
Poland,2017,795.59
Poland,2018,811.75
Poland,2019,866.88
Poland,2020,625.02
Poland,2021,605.38
Poland,2022,593.34
Poland,2023,786.31
Poland,2024,666.99
Portugal,2013,0.11
Portugal,2014,0.12
Portugal,2015,0.42
Portugal,2016,0.7
Portugal,2017,361.86
Portugal,2018,337.21
Portugal,2019,280.32
Portugal,2020,216.23
Portugal,2021,216.69
Portugal,2022,205.46
Portugal,2023,291.14
Portugal,2024,301.22
Romania,2013,90.17
Romania,2014,110.47
Romania,2015,77.77
Romania,2016,135.0
Romania,2017,167.65
Romania,2018,195.78
Romania,2019,275.71
Romania,2020,200.65
Romania,2021,156.62
Romania,2022,159.97
Romania,2023,228.28
Romania,2024,182.93
Serbia,2019,77.12
Serbia,2020,79.15
Serbia,2021,63.55
Serbia,2022,60.29
Serbia,2023,72.58
Serbia,2024,72.37
Slovakia,2013,1.04
Slovakia,2014,0.07
Slovakia,2015,0.1
Slovakia,2016,0.95
Slovakia,2017,1.7
Slovakia,2018,1.38
Slovakia,2019,0.69
Slovakia,2020,2.32
Slovakia,2021,2.37
Slovakia,2022,98.8
Slovakia,2023,141.33
Slovakia,2024,113.27
Slovenia,2013,52.58
Slovenia,2014,91.92
Slovenia,2015,73.33
Slovenia,2016,109.12
Slovenia,2017,98.8
Slovenia,2018,94.3
Slovenia,2019,117.14
Slovenia,2020,83.82
Slovenia,2021,91.84
Slovenia,2022,74.64
Slovenia,2023,81.15
Slovenia,2024,71.62
Spain,2013,1.97
Spain,2014,1462.68
Spain,2015,1756.94
Spain,2016,2194.61
Spain,2017,1930.25
Spain,2018,2039.52
Spain,2019,2277.02
Spain,2020,1297.05
Spain,2021,1608.73
Spain,2022,1454.09
Spain,2023,1427.47
Spain,2024,1753.77
Sweden,2013,480.77
Sweden,2014,407.12
Sweden,2015,627.55
Sweden,2016,580.7
Sweden,2017,663.12
Sweden,2018,506.6
Sweden,2019,630.44
Sweden,2020,419.31
Sweden,2021,365.08
Sweden,2022,502.97
Sweden,2023,363.27
Sweden,2024,375.13
Switzerland,2013,552.25
Switzerland,2014,541.86
Switzerland,2015,508.85
Switzerland,2016,508.82
Switzerland,2017,467.72
Switzerland,2018,417.38
Switzerland,2019,442.48
Switzerland,2020,391.97
Switzerland,2021,412.55
Switzerland,2022,394.83
Switzerland,2023,439.15
Switzerland,2024,315.51
Türkiye,2013,975.92
Türkiye,2014,720.08
Türkiye,2015,1136.83
Türkiye,2016,1088.21
Türkiye,2017,1279.88
Türkiye,2018,739.07
Türkiye,2019,489.14
Türkiye,2020,770.09
Türkiye,2021,1013.0
Türkiye,2022,885.74
Türkiye,2023,1187.15
Türkiye,2024,1263.52
Ukraine,2019,101.58
Ukraine,2020,109.96
Ukraine,2021,181.68
Ukraine,2022,63.2
Ukraine,2023,78.27
Ukraine,2024,85.64
United Kingdom,2015,4642.83
United Kingdom,2016,3780.41
United Kingdom,2017,3553.82
United Kingdom,2018,3934.62
United Kingdom,2021,2887.94
United Kingdom,2022,2877.6
United Kingdom,2023,3124.35
